Temperature,Humidity,Wind_Speed,General_Diffuse_Flows,Diffuse_Flows,Power_Zone_1,Power_Zone_2,Power_Zone_3,Month,Hour
11.34,55.16,0.091,80.5,80.6,34010.84746,21165.95745,16498.49246,2,12
15.07,65.15,4.913,217.0,210.3,34651.91489,20253.65854,17140.64516,3,13
9.52,88.7,0.083,0.04,0.137,23298.46154,18040.90909,10022.16867,11,5
11.12,77.9,0.073,0.055,0.145,23118.98734,15304.55927,15307.95181,1,1
11.93,48.23,0.077,0.066,0.085,21000.76046,17140.22706,9254.261705,12,4
