Temperature,Humidity,Wind_Speed,General_Diffuse_Flows,Diffuse_Flows,Power_Zone_1,Power_Zone_2,Power_Zone_3,Month,Hour
14.59,90.9,0.073,47.37,42.53,23709.62325,11221.58859,12997.81818,4,8
9.29,64.25,0.085,0.07,0.085,36623.57414,31806.07548,16941.17647,12,20
17.74,76.6,0.086,279.6,46.03,32789.14661,20632.78008,10965.59271,10,9
13.87,84.4,0.078,0.062,0.119,22716.34981,18023.93372,9830.492197,12,2
20.59,81.4,4.915,0.059,0.13,23288.77076,14179.74684,18430.79498,7,4
