Temperature,Humidity,Wind_Speed,General_Diffuse_Flows,Diffuse_Flows,Power_Zone_1,Power_Zone_2,Power_Zone_3,Month,Hour
16.51,75.6,0.072,105.0,86.4,32495.21311,21228.48297,15268.66397,5,9
13.29,71.9,0.081,0.055,0.1,41448.81356,25134.3465,24261.46734,2,21
14.8,87.9,4.921,0.04,0.145,24500.45902,15432.81734,14808.09717,5,4
34.83,24.41,4.906,573.5,88.2,40001.06312,28541.77215,32403.01255,7,16
11.33,86.7,0.096,264.7,274.0,29014.46809,18559.7561,13308.3871,3,9
