Temperature,Humidity,Wind_Speed,General_Diffuse_Flows,Diffuse_Flows,Power_Zone_1,Power_Zone_2,Power_Zone_3,Month,Hour
18.64,88.9,0.106,1.985,1.753,46880.35011,29770.95436,19585.16717,10,18
11.93,82.0,0.082,0.04,0.141,22316.93617,12962.19512,15224.51613,3,4
21.12,59.49,4.924,0.088,0.1,27608.49558,16622.86902,15497.28294,9,1
16.4,79.3,0.07,122.7,111.6,32985.14532,14436.65988,18158.54545,4,18
17.14,76.3,4.914,0.911,0.931,44480.68085,26436.58537,25054.83871,3,19
