Temperature,Humidity,Wind_Speed,General_Diffuse_Flows,Diffuse_Flows,Power_Zone_1,Power_Zone_2,Power_Zone_3,Month,Hour
12.82,46.61,4.923,82.6,105.3,40612.88136,24350.15198,23943.07538,2,18
20.36,54.1,0.081,0.102,0.122,34761.44262,21247.05882,21186.07287,5,23
15.98,65.35,4.916,87.6,89.8,32731.13924,20316.10942,16476.14458,1,15
16.12,65.59,0.076,31.92,32.71,27577.18631,21904.8788,8084.513806,12,9
10.2,87.9,0.081,0.037,0.111,16216.70886,17124.62006,14000.96386,1,3
